title,text,label
"Breaking News: Major Discovery","Scientists have discovered a new species of deep-sea fish in the Pacific Ocean. The fish, named Pseudoliparis belyaevi, was found at a depth of 8,336 meters, making it the deepest fish ever recorded. Researchers from the University of Western Australia made this groundbreaking discovery using specialized underwater cameras.",1
"Shocking: Moon Made of Cheese Confirmed","NASA scientists have finally confirmed what many suspected all along - the moon is actually made of cheese. In a press conference held yesterday, the agency revealed that recent lunar samples brought back by the Artemis mission contained high levels of aged cheddar.",0
"Climate Report Released","The United Nations released its annual climate report today, indicating that global temperatures have risen by 1.2 degrees Celsius since pre-industrial times. The report calls for immediate action to reduce carbon emissions and transition to renewable energy sources.",1
"Aliens Land in New York City","Extraterrestrial beings have landed in Central Park, according to viral social media posts. Eyewitnesses claim to have seen a large spacecraft descend from the sky around midnight. Government officials have not yet commented on the incident.",0
"Stock Market Update","The S&P 500 closed at a record high today, driven by strong earnings reports from major technology companies. Apple, Microsoft, and Amazon all reported better-than-expected quarterly results, boosting investor confidence.",1
"Water Found to be Dangerous","A new study reveals that drinking water is extremely dangerous and should be avoided at all costs. Researchers claim that 100% of people who drink water eventually die, proving its lethal nature.",0
"New COVID Variant Identified","Health officials have identified a new variant of the coronavirus in several countries. The variant, designated BA.2.86, contains multiple mutations in the spike protein. Scientists are studying whether current vaccines remain effective against this new strain.",1
"Elvis Presley Spotted at Grocery Store","The King of Rock and Roll, Elvis Presley, was reportedly seen buying groceries at a local supermarket in Memphis, Tennessee. Multiple witnesses claim the 89-year-old looked remarkably healthy for someone who supposedly died in 1977.",0
"Electric Vehicle Sales Rise","Electric vehicle sales in the United States increased by 40% in the third quarter, according to industry data. Tesla remains the market leader, but traditional automakers like Ford and GM are gaining ground with new EV models.",1
"5G Towers Control Minds","Leaked documents reveal that 5G cellular towers are actually mind-control devices installed by the government. The electromagnetic waves allegedly allow authorities to manipulate thoughts and behavior of nearby residents.",0
"Federal Reserve Holds Rates","The Federal Reserve announced it will maintain current interest rates, citing ongoing concerns about inflation. Chair Jerome Powell stated that future rate decisions will depend on incoming economic data and the evolving outlook.",1
"Flat Earth Society Gains Members","The Flat Earth Society announced a record number of new members this year. The organization claims that all space images are fabricated and that Antarctica is actually a giant ice wall surrounding the flat disc of Earth.",0
"Renewable Energy Milestone","Germany achieved a historic milestone this week when renewable energy sources provided 100% of the country's electricity for several hours. Wind and solar power generation reached unprecedented levels due to favorable weather conditions.",1
"Bigfoot Elected Mayor","In a surprising turn of events, Bigfoot has been elected as the new mayor of a small town in Oregon. The mythical creature reportedly ran on a platform of forest conservation and reduced human development.",0
"Tech Company Layoffs Continue","Major technology companies continue to announce layoffs as the industry adjusts to slower growth. This week, several firms including Meta and Google announced plans to reduce their workforce by approximately 10%.",1
"Vaccines Contain Microchips","A viral video claims that COVID-19 vaccines contain microscopic tracking chips developed by Bill Gates. The video shows what appears to be a metal object being attracted to an injection site by a magnet.",0
"Space Telescope Discovery","The James Webb Space Telescope has captured images of the most distant galaxy ever observed. The galaxy, named JADES-GS-z14-0, formed approximately 300 million years after the Big Bang, providing new insights into the early universe.",1
"Time Travel Now Possible","A physicist in Switzerland claims to have successfully traveled back in time by three seconds. The experiment, conducted at a secret facility, allegedly used a modified particle accelerator to create a temporal loop.",0
"Inflation Data Released","The Bureau of Labor Statistics reported that consumer prices rose 3.2% over the past 12 months. Core inflation, which excludes food and energy, increased by 4.0%, suggesting persistent price pressures in the economy.",1
"Dinosaurs Still Exist","Researchers claim to have found living dinosaurs in a remote region of the Amazon rainforest. The expedition team reports encountering several small velociraptors and a juvenile T-Rex during their three-month journey.",0
"Hurricane Season Forecast","The National Oceanic and Atmospheric Administration released its updated hurricane season forecast, predicting an above-average number of named storms. Warmer ocean temperatures are expected to fuel more intense tropical systems.",1
"Chemtrails Proven Real","Government documents have been leaked proving that commercial aircraft have been spraying chemicals into the atmosphere for decades. The program, allegedly called Operation Sky Shield, aims to control weather patterns globally.",0
"Medical Breakthrough Announced","Researchers at Johns Hopkins University have developed a new treatment that shows promise in fighting certain types of cancer. The therapy, which uses modified immune cells, achieved remission in 70% of trial participants.",1
"Earth Actually Hollow","A team of explorers claims to have discovered an entrance to the hollow interior of Earth in Antarctica. Inside, they allegedly found an advanced civilization and a miniature sun that provides light and warmth.",0
"Employment Report Shows Growth","The Labor Department reported that employers added 275,000 jobs last month, exceeding economist expectations. The unemployment rate remained steady at 3.7%, indicating a resilient labor market despite economic uncertainties.",1
"Mermaids Discovered in Pacific","Marine biologists have captured footage of what they claim are real mermaids living in the deep Pacific Ocean. The creatures allegedly exhibit both human and fish characteristics and appear to have their own language.",0
"Trade Agreement Reached","The United States and European Union have reached a preliminary trade agreement aimed at reducing tariffs on certain goods. The deal is expected to boost transatlantic commerce and strengthen economic ties between the allies.",1
"Illuminati Controls Everything","A former insider has revealed that a secret society known as the Illuminati controls all world governments, banks, and media organizations. The group allegedly meets annually at an undisclosed location to plan global events.",0
"Pharmaceutical Merger Approved","Federal regulators have approved the merger of two major pharmaceutical companies, creating one of the largest drug manufacturers in the world. The combined company will have a market capitalization exceeding $500 billion.",1
"Loch Ness Monster Captured","Scottish authorities announced they have captured the legendary Loch Ness Monster. The creature, nicknamed Nessie, is reportedly being held at a secure facility for scientific study.",0
